Workbook

Sheet Comparison
A1: Green-dot diameter scaling comparison
A3: Calibration input | B3: Value | D3: Metric | E3: Raw measurement | F3: Diameter-scaled
A4: Source run | B4: 20260808_181841 | D4: X stroke span (mm) | E4: =MAX('Scaled Data'!C2:C920)-MIN('Scaled Data'!C2:C920) -> 70.826939 | F4: =MAX('Scaled Data'!F2:F920)-MIN('Scaled Data'!F2:F920) -> 74.957632
A5: Actual green-dot diameter (mm) | B5: 8 | D5: Y path span (mm) | E5: =MAX('Scaled Data'!D2:D920)-MIN('Scaled Data'!D2:D920) -> 7.9975014 | F5: =MAX('Scaled Data'!G2:G920)-MIN('Scaled Data'!G2:G920) -> 8.4639232
A6: Mean measured dot diameter (mm) | B6: =AVERAGE('Raw Data'!H2:H920) -> 7.5591437 | D6: Commanded X span (mm) | E6: =MAX('Commanded Path'!H2:H361)-MIN('Commanded Path'!H2:H361) -> 75.470336 | F6: =E6 -> 75.470336
A7: Diameter scale factor | B7: =B5/B6 -> 1.0583209 | D7: Measured/commanded X span | E7: =E4/E6 -> 0.93847387 | F7: =F4/F6 -> 0.99320655
A8: Ruler correction already applied | B8: Yes | D8: X-span shortfall (mm) | E8: =E6-E4 -> 4.6433977 | F8: =F6-F4 -> 0.51270418
A9: Ruler scale factor | B9: 0.98912074
A10: Raw X centroid (mm) | B10: =AVERAGE('Raw Data'!F2:F920) -> 20.028667
A11: Raw Y centroid (mm) | B11: =AVERAGE('Raw Data'!G2:G920) -> -40.279158
A13: Interpretation
A14: =IF(ABS(F8)<1,_xlfn._LONGTEXT("After scaling by the measured dot diameter, the measured X span is within 1 mm of the commanded span. This supports a scale-related explanation, but the result remains diagnostic because HSV segmentation can underestimate the visible dot diameter. Each pl","ot uses translation-only alignment; no additional resizing or rotation is applied."),"The diameter correction does not fully remove the X-span difference, so calibration scale alone cannot explain the mismatch. Each plot uses translation-only alignment; no additional resizing or rotation is applied.") -> After scaling by the measured dot diameter, the measured X span is within 1 mm of the commanded span. This supports a scale-related explanation, but the result remains diagnostic because HSV segmentation can underestimate the visible dot diameter. Each plot uses translation-only alignment; no additional resizing or rotation is applied.

Sheet Raw Data
A1: Frame | B1: Video time (s) | C1: Tracking time (s) | D1: X pixel | E1: Y pixel | F1: Measured X (mm) | G1: Measured Y (mm) | H1: Detected dot diameter (mm) | I1: Circularity
A2: 180 | B2: 6.0028844 | C2: 0.0028844404 | D2: 1119.2158 | E2: 283.64877 | F2: 48.36311 | G2: -36.06118 | H2: 7.5088292 | I2: 0.84337591
A3: 181 | B3: 6.0362338 | C3: 0.036233798 | D3: 1119.1156 | E3: 283.6696 | F3: 48.345062 | G3: -36.064873 | H3: 7.5184886 | I3: 0.83862967
A4: 182 | B4: 6.0695832 | C4: 0.069583156 | D4: 1120.7669 | E4: 284.50602 | F4: 48.641857 | G4: -36.217323 | H4: 7.5363948 | I4: 0.82619649
A5: 183 | B5: 6.1029325 | C5: 0.10293251 | D5: 1120.9983 | E5: 284.58071 | F5: 48.683453 | G5: -36.230999 | H5: 7.5666009 | I5: 0.81022168
A6: 184 | B6: 6.1362819 | C6: 0.13628187 | D6: 1120.9938 | E6: 284.65877 | F6: 48.682606 | G6: -36.245113 | H6: 7.5418958 | I6: 0.8141319
A7: 185 | B7: 6.1696312 | C7: 0.16963123 | D7: 1123.0542 | E7: 286.13993 | F7: 49.052723 | G7: -36.514469 | H7: 7.5501398 | I7: 0.81591272
A8: 186 | B8: 6.2029806 | C8: 0.20298059 | D8: 1128.2968 | E8: 289.94098 | F8: 49.994503 | G8: -37.205734 | H8: 7.567971 | I8: 0.83033997
A9: 187 | B9: 6.2363299 | C9: 0.23632995 | D9: 1117.2049 | E9: 288.07288 | F9: 47.999046 | G9: -36.859928 | H9: 7.562489 | I9: 0.82521536
A10: 188 | B10: 6.2696793 | C10: 0.2696793 | D10: 1108.1903 | E10: 286.67367 | F10: 46.377415 | G10: -36.600441 | H10: 7.567971 | I10: 0.86800724
A11: 189 | B11: 6.3030287 | C11: 0.30302866 | D11: 1103.0952 | E11: 287.08651 | F11: 45.460297 | G11: -36.67149 | H11: 7.5583748 | I11: 0.84468057
A12: 190 | B12: 6.336378 | C12: 0.33637802 | D12: 1099.935 | E12: 288.51248 | F12: 44.890854 | G12: -36.927147 | H12: 7.5898596 | I12: 0.86289471
A13: 191 | B13: 6.3697274 | C13: 0.36972738 | D13: 1095.1134 | E13: 288.59904 | F13: 44.023163 | G13: -36.939365 | H13: 7.6062347 | I13: 0.83875761
... A920: 1098 | B920: 36.617595 | C920: 30.617595 | D920: 1068.5785 | E920: 290.67945 | F920: 39.24741 | G920: -37.296726 | H920: 7.5350189 | I920: 0.86046481

Sheet Scaled Data
A1: Frame | B1: Tracking time (s) | C1: Raw X (mm) | D1: Raw Y (mm) | E1: Dot diameter (mm) | F1: Diameter-scaled X (mm) | G1: Diameter-scaled Y (mm)
A2: ='Raw Data'!A2 -> 180 | B2: ='Raw Data'!C2 -> 0.0028844404 | C2: ='Raw Data'!F2 -> 48.36311 | D2: ='Raw Data'!G2 -> -36.06118 | E2: ='Raw Data'!H2 -> 7.5088292 | F2: =Comparison!$B$10+(C2-Comparison!$B$10)*Comparison!$B$7 -> 50.015601 | G2: =Comparison!$B$11+(D2-Comparison!$B$11)*Comparison!$B$7 -> -35.815184
A3: ='Raw Data'!A3 -> 181 | B3: ='Raw Data'!C3 -> 0.036233798 | C3: ='Raw Data'!F3 -> 48.345062 | D3: ='Raw Data'!G3 -> -36.064873 | E3: ='Raw Data'!H3 -> 7.5184886 | F3: =Comparison!$B$10+(C3-Comparison!$B$10)*Comparison!$B$7 -> 49.996501 | G3: =Comparison!$B$11+(D3-Comparison!$B$11)*Comparison!$B$7 -> -35.819092
A4: ='Raw Data'!A4 -> 182 | B4: ='Raw Data'!C4 -> 0.069583156 | C4: ='Raw Data'!F4 -> 48.641857 | D4: ='Raw Data'!G4 -> -36.217323 | E4: ='Raw Data'!H4 -> 7.5363948 | F4: =Comparison!$B$10+(C4-Comparison!$B$10)*Comparison!$B$7 -> 50.310605 | G4: =Comparison!$B$11+(D4-Comparison!$B$11)*Comparison!$B$7 -> -35.980433
A5: ='Raw Data'!A5 -> 183 | B5: ='Raw Data'!C5 -> 0.10293251 | C5: ='Raw Data'!F5 -> 48.683453 | D5: ='Raw Data'!G5 -> -36.230999 | E5: ='Raw Data'!H5 -> 7.5666009 | F5: =Comparison!$B$10+(C5-Comparison!$B$10)*Comparison!$B$7 -> 50.354627 | G5: =Comparison!$B$11+(D5-Comparison!$B$11)*Comparison!$B$7 -> -35.994907
A6: ='Raw Data'!A6 -> 184 | B6: ='Raw Data'!C6 -> 0.13628187 | C6: ='Raw Data'!F6 -> 48.682606 | D6: ='Raw Data'!G6 -> -36.245113 | E6: ='Raw Data'!H6 -> 7.5418958 | F6: =Comparison!$B$10+(C6-Comparison!$B$10)*Comparison!$B$7 -> 50.35373 | G6: =Comparison!$B$11+(D6-Comparison!$B$11)*Comparison!$B$7 -> -36.009844
A7: ='Raw Data'!A7 -> 185 | B7: ='Raw Data'!C7 -> 0.16963123 | C7: ='Raw Data'!F7 -> 49.052723 | D7: ='Raw Data'!G7 -> -36.514469 | E7: ='Raw Data'!H7 -> 7.5501398 | F7: =Comparison!$B$10+(C7-Comparison!$B$10)*Comparison!$B$7 -> 50.745433 | G7: =Comparison!$B$11+(D7-Comparison!$B$11)*Comparison!$B$7 -> -36.294909
A8: ='Raw Data'!A8 -> 186 | B8: ='Raw Data'!C8 -> 0.20298059 | C8: ='Raw Data'!F8 -> 49.994503 | D8: ='Raw Data'!G8 -> -37.205734 | E8: ='Raw Data'!H8 -> 7.567971 | F8: =Comparison!$B$10+(C8-Comparison!$B$10)*Comparison!$B$7 -> 51.742139 | G8: =Comparison!$B$11+(D8-Comparison!$B$11)*Comparison!$B$7 -> -37.026489
A9: ='Raw Data'!A9 -> 187 | B9: ='Raw Data'!C9 -> 0.23632995 | C9: ='Raw Data'!F9 -> 47.999046 | D9: ='Raw Data'!G9 -> -36.859928 | E9: ='Raw Data'!H9 -> 7.562489 | F9: =Comparison!$B$10+(C9-Comparison!$B$10)*Comparison!$B$7 -> 49.630305 | G9: =Comparison!$B$11+(D9-Comparison!$B$11)*Comparison!$B$7 -> -36.660515
A10: ='Raw Data'!A10 -> 188 | B10: ='Raw Data'!C10 -> 0.2696793 | C10: ='Raw Data'!F10 -> 46.377415 | D10: ='Raw Data'!G10 -> -36.600441 | E10: ='Raw Data'!H10 -> 7.567971 | F10: =Comparison!$B$10+(C10-Comparison!$B$10)*Comparison!$B$7 -> 47.914098 | G10: =Comparison!$B$11+(D10-Comparison!$B$11)*Comparison!$B$7 -> -36.385895
A11: ='Raw Data'!A11 -> 189 | B11: ='Raw Data'!C11 -> 0.30302866 | C11: ='Raw Data'!F11 -> 45.460297 | D11: ='Raw Data'!G11 -> -36.67149 | E11: ='Raw Data'!H11 -> 7.5583748 | F11: =Comparison!$B$10+(C11-Comparison!$B$10)*Comparison!$B$7 -> 46.943493 | G11: =Comparison!$B$11+(D11-Comparison!$B$11)*Comparison!$B$7 -> -36.461087
A12: ='Raw Data'!A12 -> 190 | B12: ='Raw Data'!C12 -> 0.33637802 | C12: ='Raw Data'!F12 -> 44.890854 | D12: ='Raw Data'!G12 -> -36.927147 | E12: ='Raw Data'!H12 -> 7.5898596 | F12: =Comparison!$B$10+(C12-Comparison!$B$10)*Comparison!$B$7 -> 46.34084 | G12: =Comparison!$B$11+(D12-Comparison!$B$11)*Comparison!$B$7 -> -36.731654
A13: ='Raw Data'!A13 -> 191 | B13: ='Raw Data'!C13 -> 0.36972738 | C13: ='Raw Data'!F13 -> 44.023163 | D13: ='Raw Data'!G13 -> -36.939365 | E13: ='Raw Data'!H13 -> 7.6062347 | F13: =Comparison!$B$10+(C13-Comparison!$B$10)*Comparison!$B$7 -> 45.422544 | G13: =Comparison!$B$11+(D13-Comparison!$B$11)*Comparison!$B$7 -> -36.744586
... A920: ='Raw Data'!A920 -> 1098 | B920: ='Raw Data'!C920 -> 30.617595 | C920: ='Raw Data'!F920 -> 39.24741 | D920: ='Raw Data'!G920 -> -37.296726 | E920: ='Raw Data'!H920 -> 7.5350189 | F920: =Comparison!$B$10+(C920-Comparison!$B$10)*Comparison!$B$7 -> 40.368265 | G920: =Comparison!$B$11+(D920-Comparison!$B$11)*Comparison!$B$7 -> -37.122788

Sheet Commanded Path
A1: Index | B1: Lower PWM | C1: Upper PWM | D1: Lower angle (deg) | E1: Upper angle (deg) | F1: Unaligned X (mm) | G1: Unaligned Y (mm) | H1: Raw-comparison X (mm) | I1: Raw-comparison Y (mm) | J1: Scaled-comparison X (mm) | K1: Scaled-comparison Y (mm)
A2: 0 | B2: 290 | C2: 234 | D2: =(B2-92.9538)/2.35018 -> 83.843025 | E2: =(C2-92.9538)/2.35018 -> 60.015063 | F2: =50*COS(RADIANS(D2))+50*COS(RADIANS(D2+E2-90)) -> 34.852002 | G2: =50*SIN(RADIANS(D2))+50*SIN(RADIANS(D2+E2-90)) -> 90.089522 | H2: =F2+20.2385515842125 -> 55.090554 | I2: =G2+-127.965516827923 -> -37.875994 | J2: =F2+19.8177396590022 -> 54.669742 | K2: =G2+-127.994256561441 -> -37.904734
A3: 1 | B3: 291 | C3: 232 | D3: =(B3-92.9538)/2.35018 -> 84.268524 | E3: =(C3-92.9538)/2.35018 -> 59.164064 | F3: =50*COS(RADIANS(D3))+50*COS(RADIANS(D3+E3-90)) -> 34.781727 | G3: =50*SIN(RADIANS(D3))+50*SIN(RADIANS(D3+E3-90)) -> 89.907866 | H3: =F3+20.2385515842125 -> 55.020278 | I3: =G3+-127.965516827923 -> -38.057651 | J3: =F3+19.8177396590022 -> 54.599466 | K3: =G3+-127.994256561441 -> -38.086391
A4: 2 | B4: 293 | C4: 231 | D4: =(B4-92.9538)/2.35018 -> 85.119523 | E4: =(C4-92.9538)/2.35018 -> 58.738565 | F4: =50*COS(RADIANS(D4))+50*COS(RADIANS(D4+E4-90)) -> 33.743234 | G4: =50*SIN(RADIANS(D4))+50*SIN(RADIANS(D4+E4-90)) -> 90.19665 | H4: =F4+20.2385515842125 -> 53.981786 | I4: =G4+-127.965516827923 -> -37.768866 | J4: =F4+19.8177396590022 -> 53.560974 | K4: =G4+-127.994256561441 -> -37.797606
A5: 3 | B5: 294 | C5: 229 | D5: =(B5-92.9538)/2.35018 -> 85.545022 | E5: =(C5-92.9538)/2.35018 -> 57.887566 | F5: =50*COS(RADIANS(D5))+50*COS(RADIANS(D5+E5-90)) -> 33.672194 | G5: =50*SIN(RADIANS(D5))+50*SIN(RADIANS(D5+E5-90)) -> 90.006757 | H5: =F5+20.2385515842125 -> 53.910745 | I5: =G5+-127.965516827923 -> -37.95876 | J5: =F5+19.8177396590022 -> 53.489933 | K5: =G5+-127.994256561441 -> -37.9875
A6: 4 | B6: 295 | C6: 228 | D6: =(B6-92.9538)/2.35018 -> 85.970521 | E6: =(C6-92.9538)/2.35018 -> 57.462067 | F6: =50*COS(RADIANS(D6))+50*COS(RADIANS(D6+E6-90)) -> 33.301893 | G6: =50*SIN(RADIANS(D6))+50*SIN(RADIANS(D6+E6-90)) -> 90.034224 | H6: =F6+20.2385515842125 -> 53.540445 | I6: =G6+-127.965516827923 -> -37.931292 | J6: =F6+19.8177396590022 -> 53.119633 | K6: =G6+-127.994256561441 -> -37.960032
A7: 5 | B7: 296 | C7: 226 | D7: =(B7-92.9538)/2.35018 -> 86.396021 | E7: =(C7-92.9538)/2.35018 -> 56.611068 | F7: =50*COS(RADIANS(D7))+50*COS(RADIANS(D7+E7-90)) -> 33.228802 | G7: =50*SIN(RADIANS(D7))+50*SIN(RADIANS(D7+E7-90)) -> 89.836616 | H7: =F7+20.2385515842125 -> 53.467354 | I7: =G7+-127.965516827923 -> -38.1289 | J7: =F7+19.8177396590022 -> 53.046542 | K7: =G7+-127.994256561441 -> -38.15764
A8: 6 | B8: 298 | C8: 225 | D8: =(B8-92.9538)/2.35018 -> 87.247019 | E8: =(C8-92.9538)/2.35018 -> 56.185569 | F8: =50*COS(RADIANS(D8))+50*COS(RADIANS(D8+E8-90)) -> 32.189912 | G8: =50*SIN(RADIANS(D8))+50*SIN(RADIANS(D8+E8-90)) -> 90.100117 | H8: =F8+20.2385515842125 -> 52.428464 | I8: =G8+-127.965516827923 -> -37.865399 | J8: =F8+19.8177396590022 -> 52.007652 | K8: =G8+-127.994256561441 -> -37.894139
A9: 7 | B9: 299 | C9: 224 | D9: =(B9-92.9538)/2.35018 -> 87.672519 | E9: =(C9-92.9538)/2.35018 -> 55.760069 | F9: =50*COS(RADIANS(D9))+50*COS(RADIANS(D9+E9-90)) -> 31.81896 | G9: =50*SIN(RADIANS(D9))+50*SIN(RADIANS(D9+E9-90)) -> 90.116575 | H9: =F9+20.2385515842125 -> 52.057512 | I9: =G9+-127.965516827923 -> -37.848942 | J9: =F9+19.8177396590022 -> 51.6367 | K9: =G9+-127.994256561441 -> -37.877682
A10: 8 | B10: 300 | C10: 222 | D10: =(B10-92.9538)/2.35018 -> 88.098018 | E10: =(C10-92.9538)/2.35018 -> 54.909071 | F10: =50*COS(RADIANS(D10))+50*COS(RADIANS(D10+E10-90)) -> 31.745298 | G10: =50*SIN(RADIANS(D10))+50*SIN(RADIANS(D10+E10-90)) -> 89.907952 | H10: =F10+20.2385515842125 -> 51.98385 | I10: =G10+-127.965516827923 -> -38.057565 | J10: =F10+19.8177396590022 -> 51.563038 | K10: =G10+-127.994256561441 -> -38.086305
A11: 9 | B11: 301 | C11: 221 | D11: =(B11-92.9538)/2.35018 -> 88.523517 | E11: =(C11-92.9538)/2.35018 -> 54.483571 | F11: =50*COS(RADIANS(D11))+50*COS(RADIANS(D11+E11-90)) -> 31.374142 | G11: =50*SIN(RADIANS(D11))+50*SIN(RADIANS(D11+E11-90)) -> 89.918897 | H11: =F11+20.2385515842125 -> 51.612694 | I11: =G11+-127.965516827923 -> -38.046619 | J11: =F11+19.8177396590022 -> 51.191882 | K11: =G11+-127.994256561441 -> -38.075359
A12: 10 | B12: 303 | C12: 220 | D12: =(B12-92.9538)/2.35018 -> 89.374516 | E12: =(C12-92.9538)/2.35018 -> 54.058072 | F12: =50*COS(RADIANS(D12))+50*COS(RADIANS(D12+E12-90)) -> 30.334235 | G12: =50*SIN(RADIANS(D12))+50*SIN(RADIANS(D12+E12-90)) -> 90.154844 | H12: =F12+20.2385515842125 -> 50.572786 | I12: =G12+-127.965516827923 -> -37.810673 | J12: =F12+19.8177396590022 -> 50.151975 | K12: =G12+-127.994256561441 -> -37.839413
A13: 11 | B13: 304 | C13: 219 | D13: =(B13-92.9538)/2.35018 -> 89.800015 | E13: =(C13-92.9538)/2.35018 -> 53.632573 | F13: =50*COS(RADIANS(D13))+50*COS(RADIANS(D13+E13-90)) -> 29.962927 | G13: =50*SIN(RADIANS(D13))+50*SIN(RADIANS(D13+E13-90)) -> 90.157518 | H13: =F13+20.2385515842125 -> 50.201479 | I13: =G13+-127.965516827923 -> -37.807998 | J13: =F13+19.8177396590022 -> 49.780667 | K13: =G13+-127.994256561441 -> -37.836738
... A361: 359 | B361: 290 | C361: 233 | D361: =(B361-92.9538)/2.35018 -> 83.843025 | E361: =(C361-92.9538)/2.35018 -> 59.589563 | F361: =50*COS(RADIANS(D361))+50*COS(RADIANS(D361+E361-90)) -> 35.151048 | G361: =50*SIN(RADIANS(D361))+50*SIN(RADIANS(D361+E361-90)) -> 89.869412 | H361: =F361+20.2385515842125 -> 55.389599 | I361: =G361+-127.965516827923 -> -38.096105 | J361: =F361+19.8177396590022 -> 54.968787 | K361: =G361+-127.994256561441 -> -38.124844
